{"cameraMode":{"drawMode":0,"name":"Shaded","section":"Shading Mode"},"sceneLighting":false,"audioPlay":false,"sceneViewState":{"m_AlwaysRefresh":false,"showFog":true,"showSkybox":false,"showFlares":true,"showImageEffects":true,"showParticleSystems":true,"showVisualEffectGraphs":true,"m_FxEnabled":true},"in2DMode":false,"pivot":{"x":0.6234919428825378,"y":0.4733607769012451,"z":0.23007822036743165},"rotation":{"x":-0.00003687512798933312,"y":0.9999052286148071,"z":0.00269020046107471,"w":0.01380047108978033},"size":1.4282318353652955,"orthographic":true}