{"cameraMode":{"drawMode":0,"name":"Shaded","section":"Shading Mode"},"sceneLighting":true,"audioPlay":false,"sceneViewState":{"m_AlwaysRefresh":false,"showFog":true,"showSkybox":true,"showFlares":true,"showImageEffects":true,"showParticleSystems":true,"showVisualEffectGraphs":true,"m_FxEnabled":true},"in2DMode":false,"pivot":{"x":11.293139457702637,"y":1.2247487306594849,"z":-3.7012298107147219},"rotation":{"x":0.08121778070926666,"y":-0.008974755182862282,"z":0.0007306033512577415,"w":0.9966648817062378},"size":3.2775943279266359,"orthographic":true}